Symbol,Sector
ADANIPORTS,Services
ASIANPAINT,Consumer Goods
AXISBANK,Financial Services
BAJAJ-AUTO,Automobile
BAJAJFINSV,Financial Services
BAJFINANCE,Financial Services
BHARTIARTL,Telecommunication
BPCL,Energy
BRITANNIA,Consumer Goods
CIPLA,Pharmaceuticals
COALINDIA,Metals & Mining
DRREDDY,Pharmaceuticals
EICHERMOT,Automobile
GAIL,Energy
GRASIM,Construction Materials
HCLTECH,Information Technology
HDFC,Financial Services
HDFCBANK,Financial Services
HEROMOTOCO,Automobile
HINDALCO,Metals & Mining
HINDUNILVR,Consumer Goods
ICICIBANK,Financial Services
INDUSINDBK,Financial Services
INFY,Information Technology
IOC,Energy
ITC,Consumer Goods
JSWSTEEL,Metals & Mining
KOTAKBANK,Financial Services
LT,Construction & Engineering
M&M,Automobile
MARUTI,Automobile
NESTLEIND,Consumer Goods
NTPC,Energy
ONGC,Energy
POWERGRID,Energy
RELIANCE,Energy
SBIN,Financial Services
SHREECEM,Construction Materials
SUNPHARMA,Pharmaceuticals
TATAMOTORS,Automobile
TATASTEEL,Metals & Mining
TCS,Information Technology
TECHM,Information Technology
TITAN,Consumer Goods
ULTRACEMCO,Construction Materials
UPL,Chemicals
VEDL,Metals & Mining
WIPRO,Information Technology
ZEEL,Media & Entertainment
