Merged Company Name,Original Symbol,Date Range Absorbed,Start Date,End Date,Row Count Absorbed,Overlap Confirmed
TATAMOTORS,TELCO,2000-01-03 to 2003-12-24,2000-01-03,2003-12-24,999,No Overlap
TATAMOTORS,TATAMOTORS,2003-12-26 to 2021-04-30,2003-12-26,2021-04-30,4307,No Overlap
TATASTEEL,TISCO,2000-01-03 to 2005-10-14,2000-01-03,2005-10-14,1455,No Overlap
TATASTEEL,TATASTEEL,2005-10-17 to 2021-04-30,2005-10-17,2021-04-30,3851,No Overlap
HINDUNILVR,HINDLEVER,2000-01-03 to 2007-07-18,2000-01-03,2007-07-18,1893,No Overlap
HINDUNILVR,HINDUNILVR,2007-07-19 to 2021-04-30,2007-07-19,2021-04-30,3413,No Overlap
AXISBANK,UTIBANK,2000-01-03 to 2007-08-14,2000-01-03,2007-08-14,1912,No Overlap
AXISBANK,AXISBANK,2007-08-16 to 2021-04-30,2007-08-16,2021-04-30,3394,No Overlap
HINDALCO,HINDALC0,2000-01-03 to 2007-08-24,2000-01-03,2007-08-24,1919,No Overlap
HINDALCO,HINDALCO,2007-08-27 to 2021-04-30,2007-08-27,2021-04-30,3387,No Overlap
ZEEL,ZEETELE,2000-01-03 to 2007-02-27,2000-01-03,2007-02-27,1796,No Overlap
ZEEL,ZEEL,2007-02-28 to 2021-04-30,2007-02-28,2021-04-30,3510,No Overlap
HEROMOTOCO,HEROHONDA,2000-01-03 to 2011-08-05,2000-01-03,2011-08-05,2898,No Overlap
HEROMOTOCO,HEROMOTOCO,2011-08-08 to 2021-04-30,2011-08-08,2021-04-30,2408,No Overlap
INFY,INFOSYSTCH,2000-01-03 to 2011-06-28,2000-01-03,2011-06-28,2870,No Overlap
INFY,INFY,2011-06-29 to 2021-04-30,2011-06-29,2021-04-30,2436,No Overlap
JSWSTEEL,JSWSTL,2005-03-23 to 2005-09-15,2005-03-23,2005-09-15,123,No Overlap
JSWSTEEL,JSWSTEEL,2005-09-16 to 2021-04-30,2005-09-16,2021-04-30,3871,No Overlap
BAJFINANCE,BAJAUTOFIN,2000-01-03 to 2010-09-28,2000-01-03,2010-09-28,2611,No Overlap
BAJFINANCE,BAJFINANCE,2010-09-29 to 2021-04-30,2010-09-29,2021-04-30,2624,No Overlap
KOTAKBANK,KOTAKMAH,2000-01-03 to 2003-04-17,2000-01-03,2003-04-17,502,No Overlap
KOTAKBANK,KOTAKBANK,2003-04-21 to 2021-04-30,2003-04-21,2021-04-30,4483,No Overlap
BHARTIARTL,BHARTI,2002-02-18 to 2006-06-16,2002-02-18,2006-06-16,1089,No Overlap
BHARTIARTL,BHARTIARTL,2006-06-19 to 2021-04-30,2006-06-19,2021-04-30,3685,No Overlap
ADANIPORTS,MUNDRAPORT,2007-11-27 to 2012-01-16,2007-11-27,2012-01-16,1023,No Overlap
ADANIPORTS,ADANIPORTS,2012-01-17 to 2021-04-30,2012-01-17,2021-04-30,2299,No Overlap
UPL,UNIPHOS,2004-01-23 to 2013-10-22,2004-01-23,2013-10-22,2429,No Overlap
UPL,UPL,2013-10-23 to 2021-04-30,2013-10-23,2021-04-30,1858,No Overlap
VEDL,SESAGOA,2000-01-03 to 2013-10-03,2000-01-03,2013-10-03,3435,No Overlap
VEDL,SSLT,2013-10-04 to 2015-05-06,2013-10-04,2015-05-06,388,No Overlap
VEDL,VEDL,2015-05-07 to 2021-04-30,2015-05-07,2021-04-30,1482,No Overlap
